Catch_Area_Code,Split_SubUnit_Code,Landing_Date,Batch_year,Month,Day,Round_Lbs_Qty,Fisher_Type_Code,Tribe_num,Tribe_Member_Num,Vessel_ID,License_ID,Dealer_License_ID,Round_Lbs_Price_Amt,Tribal_Tax_Amt,Species_Code,Gear_Code,Landing_Cnt,Port_Code,Fish_Ticket_Num,Ticket_Data_Source_Code,Catch_Desc_Code,Species_Code_Desc
24C ,,10/1/2019,2019,10,1,2320,1,,,36579,56397,128547,3.5,,561,21,,143,LA811601,COMM,0,DUNGENESS CRAB
24A ,,10/1/2019,2019,10,1,1507,1,,,36376,56193,128547,3.5,,561,21,,143,LA811602,COMM,0,DUNGENESS CRAB
24A ,,10/1/2019,2019,10,1,2001,1,,,38114,55914,128547,3.5,,561,21,,143,LA811603,COMM,0,DUNGENESS CRAB
24C ,,10/1/2019,2019,10,1,1066,1,,,36635,56104,128547,3.5,,561,21,,143,LA811604,COMM,0,DUNGENESS CRAB
24A ,,10/1/2019,2019,10,1,1079,1,,,38335,56143,128547,3.5,,561,21,,105,LA815173,COMM,0,DUNGENESS CRAB
24A ,,10/1/2019,2019,10,1,898,1,,,34635,56008,128547,3.5,,561,21,,105,LA815174,COMM,0,DUNGENESS CRAB
22A ,,10/1/2019,2019,10,1,1208,1,,,32405,55989,128547,3.5,,561,21,,105,LA815175,COMM,0,DUNGENESS CRAB
22B ,,10/1/2019,2019,10,1,1043,1,,,38757,56188,128547,3.5,,561,21,,105,LA815176,COMM,0,DUNGENESS CRAB
21A ,,10/1/2019,2019,10,1,240,1,,,34334,56346,128685,3.75,,561,21,,105,LA821017,COMM,0,DUNGENESS CRAB
24C ,,10/1/2019,2019,10,1,1178,1,,,36117,55954,128252,4.25,,561,21,,105,LA817804,COMM,0,DUNGENESS CRAB
24C ,,10/1/2019,2019,10,1,1241,1,,,37829,56111,128252,4.25,,561,21,,105,LA817805,COMM,0,DUNGENESS CRAB
24C ,,10/2/2019,2019,10,2,2400,1,,,36117,55954,128252,4.25,,561,21,,105,LA817807,COMM,0,DUNGENESS CRAB
24C ,,10/3/2019,2019,10,3,2376,1,,,36117,55954,128252,4.25,,561,21,,105,LA817808,COMM,0,DUNGENESS CRAB
20A ,,10/1/2019,2019,10,1,836,1,,,29003,56173,128370,3.75,,561,21,,105,LA822301,COMM,0,DUNGENESS CRAB
20A ,,10/1/2019,2019,10,1,1270,1,,,38759,56122,128370,3.75,,561,21,,105,LA822302,COMM,0,DUNGENESS CRAB
20A ,,10/2/2019,2019,10,2,2317,1,,,29003,56173,128370,3.75,,561,21,,105,LA822303,COMM,0,DUNGENESS CRAB
20A ,,10/2/2019,2019,10,2,2592,1,,,38759,56122,128370,3.75,,561,21,,105,LA822304,COMM,0,DUNGENESS CRAB
21B ,,10/2/2019,2019,10,2,663,1,,,10535,56116,128384,3.5,,561,21,,115,LA803805,COMM,0,DUNGENESS CRAB
21B ,,10/2/2019,2019,10,2,221,1,,,10535,56131,128384,3.5,,561,21,,115,LA803806,COMM,0,DUNGENESS CRAB
21B ,,10/3/2019,2019,10,3,437,1,,,10535,56131,128384,3.5,,561,21,,115,LA803807,COMM,0,DUNGENESS CRAB
21B ,,10/3/2019,2019,10,3,145,1,,,10535,56116,128384,3.5,,561,21,,115,LA803808,COMM,0,DUNGENESS CRAB
26A ,E,10/3/2019,2019,10,3,1176,1,,,28012,56431,128406,3.85,,561,21,,170,Z966327,COMM,0,DUNGENESS CRAB
21A ,,10/1/2019,2019,10,1,49,1,,,38726,56092,128420,3.5,,561,21,,105,LA813421,COMM,0,DUNGENESS CRAB
20A ,,10/1/2019,2019,10,1,656,1,,,38742,56160,128420,3.5,,561,21,,105,LA813422,COMM,0,DUNGENESS CRAB
20A ,,10/1/2019,2019,10,1,598,1,,,38559,56142,128420,3.5,,561,21,,105,LA813423,COMM,0,DUNGENESS CRAB
21A ,,10/2/2019,2019,10,2,1524,1,,,35655,56212,128420,3.5,,561,21,,105,LA813424,COMM,0,DUNGENESS CRAB
20A ,,10/2/2019,2019,10,2,986,1,,,38742,56160,128420,3.5,,561,21,,105,LA813425,COMM,0,DUNGENESS CRAB
21A ,,10/2/2019,2019,10,2,794,1,,,38726,56092,128420,3.5,,561,21,,105,LA813426,COMM,0,DUNGENESS CRAB
20A ,,10/2/2019,2019,10,2,1452,1,,,38559,56142,128420,3.5,,561,21,,105,LA813427,COMM,0,DUNGENESS CRAB
21A ,,10/3/2019,2019,10,3,1270,1,,,35655,56212,128420,3.5,,561,21,,105,LA813429,COMM,0,DUNGENESS CRAB
21A ,,10/3/2019,2019,10,3,676,1,,,38726,56092,128420,3.5,,561,21,,105,LA813430,COMM,0,DUNGENESS CRAB
20A ,,10/3/2019,2019,10,3,1038,1,,,38742,56160,128420,3.5,,561,21,,105,LA813431,COMM,0,DUNGENESS CRAB
20A ,,10/3/2019,2019,10,3,955,1,,,38559,56142,128420,3.5,,561,21,,105,LA813432,COMM,0,DUNGENESS CRAB
20A ,,10/2/2019,2019,10,2,1210,1,,,32391,55915,128458,3.5,,561,21,,110,LA812880,COMM,0,DUNGENESS CRAB
20A ,,10/2/2019,2019,10,2,548,1,,,6295,55921,128458,3.5,,561,21,,110,LA812881,COMM,0,DUNGENESS CRAB
20A ,,10/2/2019,2019,10,2,354,1,,,19807,56159,128458,3.5,,561,21,,110,LA812882,COMM,0,DUNGENESS CRAB
20A ,,10/2/2019,2019,10,2,1205,1,,,35845,56357,128458,3.5,,561,21,,110,LA812883,COMM,0,DUNGENESS CRAB
20A ,,10/2/2019,2019,10,2,589,1,,,34280,60446,128458,3.5,,561,21,,110,LA812884,COMM,0,DUNGENESS CRAB
20A ,,10/2/2019,2019,10,2,1688,1,,,35666,56074,128458,3.5,,561,21,,110,LA812885,COMM,0,DUNGENESS CRAB
20A ,,10/2/2019,2019,10,2,3597,1,,,27853,56005,128458,3.5,,561,21,,110,LA812886,COMM,0,DUNGENESS CRAB
20A ,,10/2/2019,2019,10,2,1557,1,,,33138,56411,128458,3.5,,561,21,,110,LA812887,COMM,0,DUNGENESS CRAB
20A ,,10/2/2019,2019,10,2,1058,1,,,34710,56386,128458,3.5,,561,21,,110,LA812888,COMM,0,DUNGENESS CRAB
21A ,,10/1/2019,2019,10,1,430,1,,,8811,56054,128508,3.75,,561,21,,110,LA810650,COMM,0,DUNGENESS CRAB
21A ,,10/1/2019,2019,10,1,1097,1,,,18515,56086,128508,3.75,,561,21,,110,Z970406,COMM,0,DUNGENESS CRAB
20A ,,10/2/2019,2019,10,2,562,1,,,34577,56413,128508,3.75,,561,21,,115,Z970407,COMM,0,DUNGENESS CRAB
20A ,,10/2/2019,2019,10,2,1896,1,,,33134,55944,128508,3.75,,561,21,,115,Z970408,COMM,0,DUNGENESS CRAB
21A ,,10/2/2019,2019,10,2,2529,1,,,18515,56086,128508,3.75,,561,21,,110,Z970413,COMM,0,DUNGENESS CRAB
20A ,,10/2/2019,2019,10,2,1508,1,,,29092,55950,128508,3.75,,561,21,,110,Z970414,COMM,0,DUNGENESS CRAB
21A ,,10/2/2019,2019,10,2,611,1,,,8811,56054,128508,3.75,,561,21,,110,Z970415,COMM,0,DUNGENESS CRAB
20A ,,10/3/2019,2019,10,3,452,1,,,34577,56413,128508,3.75,,561,21,,115,Z970416,COMM,0,DUNGENESS CRAB
20A ,,10/3/2019,2019,10,3,1668,1,,,33134,56126,128508,3.75,,561,21,,115,Z970418,COMM,0,DUNGENESS CRAB
20A ,,10/3/2019,2019,10,3,1211,1,,,29092,55950,128508,3.75,,561,21,,110,Z970419,COMM,0,DUNGENESS CRAB
21A ,,10/3/2019,2019,10,3,481,1,,,8811,56054,128508,3.75,,561,21,,110,Z970420,COMM,0,DUNGENESS CRAB
21A ,,10/3/2019,2019,10,3,2455,1,,,18515,56086,128508,3.75,,561,21,,110,Z970421,COMM,0,DUNGENESS CRAB
24A ,,10/1/2019,2019,10,1,990,1,,,33280,56007,128547,3.5,,561,21,,140,LA815012,COMM,0,DUNGENESS CRAB
24A ,,10/1/2019,2019,10,1,659,1,,,37658,56125,128547,3.5,,561,21,,140,LA815013,COMM,0,DUNGENESS CRAB
24A ,,10/1/2019,2019,10,1,1675,1,,,10804,56155,128547,3.5,,561,21,,140,LA815014,COMM,0,DUNGENESS CRAB
24A ,,10/1/2019,2019,10,1,1239,1,,,37896,56380,128547,3.5,,561,21,,140,LA815015,COMM,0,DUNGENESS CRAB
24A ,,10/1/2019,2019,10,1,375,1,,,38601,56050,128547,3.5,,561,21,,140,LA815016,COMM,0,DUNGENESS CRAB
24A ,,10/2/2019,2019,10,2,2472,1,,,37896,56380,128547,3.5,,561,21,,140,LA815017,COMM,0,DUNGENESS CRAB
24A ,,10/2/2019,2019,10,2,3120,1,,,10804,56263,128547,3.5,,561,21,,140,LA815018,COMM,0,DUNGENESS CRAB
24A ,,10/2/2019,2019,10,2,2441,1,,,33280,56282,128547,3.5,,561,21,,140,LA815019,COMM,0,DUNGENESS CRAB
24A ,,10/2/2019,2019,10,2,817,1,,,38601,56050,128547,3.5,,561,21,,140,LA815020,COMM,0,DUNGENESS CRAB
24A ,,10/3/2019,2019,10,3,3275,1,,,10804,56263,128547,3.5,,561,21,,140,LA815021,COMM,0,DUNGENESS CRAB
24A ,,10/3/2019,2019,10,3,1636,1,,,37896,56380,128547,3.5,,561,21,,140,LA815023,COMM,0,DUNGENESS CRAB
24A ,,10/3/2019,2019,10,3,1648,1,,,37658,55937,128547,3.5,,561,21,,140,LA815024,COMM,0,DUNGENESS CRAB
24A ,,10/3/2019,2019,10,3,1782,1,,,33280,56007,128547,3.5,,561,21,,140,LA815025,COMM,0,DUNGENESS CRAB
22A ,,10/1/2019,2019,10,1,607,1,,,37144,56068,128713,3.75,,561,21,,165,Z953470,COMM,0,DUNGENESS CRAB
22A ,,10/1/2019,2019,10,1,485,1,,,38558,56345,128713,3.75,,561,21,,165,Z953471,COMM,0,DUNGENESS CRAB
22B ,,10/2/2019,2019,10,2,1726,1,,,38027,56270,129797,4.25,,561,21,,105,Z930940,COMM,0,DUNGENESS CRAB
22B ,,10/3/2019,2019,10,3,1441,1,,,38027,56270,129797,4.25,,561,21,,105,Z930941,COMM,0,DUNGENESS CRAB
21B ,,10/2/2019,2019,10,2,495,1,,,32722,56356,130046,3.5,,561,21,,,W809960,COMM,0,DUNGENESS CRAB
21B ,,10/3/2019,2019,10,3,360,1,,,32722,56356,130046,3.5,,561,21,,,W809962,COMM,0,DUNGENESS CRAB
21B ,,10/3/2019,2019,10,3,989,1,,,31384,55977,130046,3.5,,561,21,,,W809963,COMM,0,DUNGENESS CRAB
21B ,,10/4/2019,2019,10,4,403,1,,,32722,56356,130046,3.5,,561,21,,,W809964,COMM,0,DUNGENESS CRAB
21B ,,10/4/2019,2019,10,4,765,1,,,23907,59373,130046,3.5,,561,21,,,W809965,COMM,0,DUNGENESS CRAB
20A ,,10/1/2019,2019,10,1,340,1,,,38505,56288,128235,3.75,,561,21,,110,LA823659,COMM,0,DUNGENESS CRAB
20A ,,10/1/2019,2019,10,1,1089,1,,,20890,56175,128235,3.75,,561,21,,110,LA823654,COMM,0,DUNGENESS CRAB
20A ,,10/1/2019,2019,10,1,978,1,,,29009,56108,128235,3.75,,561,21,,110,LA823655,COMM,0,DUNGENESS CRAB
20A ,,10/1/2019,2019,10,1,762,1,,,37678,56042,128235,3.75,,561,21,,110,LA823652,COMM,0,DUNGENESS CRAB
20A ,,10/1/2019,2019,10,1,1110,1,,,38134,55922,128235,3.75,,561,21,,110,LA823653,COMM,0,DUNGENESS CRAB
20A ,,10/2/2019,2019,10,2,2928,1,,,38134,56059,128235,3.75,,561,21,,110,LA823658,COMM,0,DUNGENESS CRAB
20A ,,10/2/2019,2019,10,2,1709,1,,,37678,56042,128235,3.75,,561,21,,110,LA823657,COMM,0,DUNGENESS CRAB
20A ,,10/2/2019,2019,10,2,1119,1,,,38505,56288,128235,3.75,,561,21,,110,LA823656,COMM,0,DUNGENESS CRAB
20A ,,10/2/2019,2019,10,2,2377,1,,,20890,56419,128235,3.75,,561,21,,110,LA823660,COMM,0,DUNGENESS CRAB
20A ,,10/1/2019,2019,10,1,839,1,,,38265,56369,128258,3.5,,561,21,,105,LA820305,COMM,0,DUNGENESS CRAB
24A ,,10/1/2019,2019,10,1,1983,1,,,37662,56195,128258,3.5,,561,21,,105,LA820304,COMM,0,DUNGENESS CRAB
24A ,,10/1/2019,2019,10,1,744,1,,,16466,56201,128258,3.5,,561,21,,105,LA820302,COMM,0,DUNGENESS CRAB
24A ,,10/1/2019,2019,10,1,863,1,,,37901,56332,128258,3.5,,561,21,,105,LA820301,COMM,0,DUNGENESS CRAB
26A ,E,10/1/2019,2019,10,1,446,1,,,37401,56323,128258,3.5,,561,21,,130,LA820351,COMM,0,DUNGENESS CRAB
26A ,E,10/1/2019,2019,10,1,476,1,,,24503,56339,128258,3.5,,561,21,,130,LA820352,COMM,0,DUNGENESS CRAB
26A ,E,10/1/2019,2019,10,1,1161,1,,,36616,56084,128258,3.5,,561,21,,130,LA820353,COMM,0,DUNGENESS CRAB
26A ,E,10/1/2019,2019,10,1,1237,1,,,38547,56331,128258,3.5,,561,21,,130,LA820354,COMM,0,DUNGENESS CRAB
26A ,E,10/1/2019,2019,10,1,3200,1,,,38127,56075,128258,3.5,,561,21,,130,LA820355,COMM,0,DUNGENESS CRAB
26A ,E,10/1/2019,2019,10,1,3113,1,,,38110,56377,128258,3.5,,561,21,,130,LA820356,COMM,0,DUNGENESS CRAB
22A ,,10/2/2019,2019,10,2,3039,1,,,28963,56157,128258,3.5,,561,21,,105,LA820310,COMM,0,DUNGENESS CRAB
24A ,,10/2/2019,2019,10,2,3824,1,,,37662,56127,128258,3.5,,561,21,,105,LA820309,COMM,0,DUNGENESS CRAB
24A ,,10/2/2019,2019,10,2,2000,1,,,16466,56201,128258,3.5,,561,21,,105,LA820306,COMM,0,DUNGENESS CRAB
24A ,,10/2/2019,2019,10,2,1500,1,,,37901,56239,128258,3.5,,561,21,,105,LA820307,COMM,0,DUNGENESS CRAB
22A ,,10/2/2019,2019,10,2,1400,1,,,37144,56068,128258,3.5,,561,21,,105,LA820308,COMM,0,DUNGENESS CRAB
26A ,E,10/2/2019,2019,10,2,744,1,,,37656,56147,128258,3.5,,561,21,,130,LA820248,COMM,0,DUNGENESS CRAB
26A ,E,10/2/2019,2019,10,2,744,1,,,24503,56339,128258,3.5,,561,21,,130,LA820247,COMM,0,DUNGENESS CRAB
26A ,E,10/2/2019,2019,10,2,1855,1,,,18515,56103,128258,3.5,,561,21,,130,LA820246,COMM,0,DUNGENESS CRAB
20A ,,10/2/2019,2019,10,2,2050,1,,,38572,56226,128258,3.5,,561,21,,130,LA820271,COMM,0,DUNGENESS CRAB
20A ,,10/3/2019,2019,10,3,2599,1,,,38265,56203,128258,3.5,,561,21,,130,LA820272,COMM,0,DUNGENESS CRAB
26A ,E,10/2/2019,2019,10,2,4613,1,,,38110,56377,128258,3.5,,561,21,,130,LA820358,COMM,0,DUNGENESS CRAB
26A ,E,10/2/2019,2019,10,2,2723,1,,,38547,56331,128258,3.5,,561,21,,130,LA820249,COMM,0,DUNGENESS CRAB
26A ,E,10/2/2019,2019,10,2,548,1,,,24503,56339,128258,3.5,,561,21,,130,LA820250,COMM,0,DUNGENESS CRAB
26A ,E,10/2/2019,2019,10,2,5810,1,,,38127,56075,128258,3.5,,561,21,,130,LA820357,COMM,0,DUNGENESS CRAB
20A ,,10/3/2019,2019,10,3,745,1,,,34710,56277,128458,3.5,,561,21,,110,LA812895,COMM,0,DUNGENESS CRAB
20A ,,10/3/2019,2019,10,3,343,1,,,19807,56159,128458,3.5,,561,21,,110,LA812889,COMM,0,DUNGENESS CRAB
20A ,,10/3/2019,2019,10,3,1353,1,,,35666,56297,128458,3.5,,561,21,,110,LA812890,COMM,0,DUNGENESS CRAB
20A ,,10/3/2019,2019,10,3,1134,1,,,35845,56238,128458,3.5,,561,21,,110,LA812891,COMM,0,DUNGENESS CRAB
20A ,,10/3/2019,2019,10,3,3049,1,,,27853,56005,128458,3.5,,561,21,,110,LA812893,COMM,0,DUNGENESS CRAB
20A ,,10/3/2019,2019,10,3,413,1,,,32391,55915,128458,3.5,,561,21,,110,LA812892,COMM,0,DUNGENESS CRAB
20A ,,10/3/2019,2019,10,3,1479,1,,,33138,56411,128458,3.5,,561,21,,110,LA812894,COMM,0,DUNGENESS CRAB
24A ,,10/2/2019,2019,10,2,2207,1,,,37658,55937,128477,3.5,,561,21,,105,Z951894,COMM,0,DUNGENESS CRAB
24A ,,10/2/2019,2019,10,2,5427,1,,,36579,56403,128547,3.5,,561,21,,143,LA811608,COMM,0,DUNGENESS CRAB
24A ,,10/1/2019,2019,10,1,1157,1,,,15706,56076,128547,3.5,,561,21,,105,LA815177,COMM,0,DUNGENESS CRAB
24A ,,10/2/2019,2019,10,2,2798,1,,,36376,56193,128547,3.5,,561,21,,143,LA811607,COMM,0,DUNGENESS CRAB
24C ,,10/2/2019,2019,10,2,1684,1,,,36635,56192,128547,3.5,,561,21,,143,LA811606,COMM,0,DUNGENESS CRAB
24A ,,10/2/2019,2019,10,2,3288,1,,,38114,56200,128547,3.5,,561,21,,143,LA811605,COMM,0,DUNGENESS CRAB
24A ,,10/2/2019,2019,10,2,2325,1,,,15706,56076,128547,3.5,,561,21,,105,LA815186,COMM,0,DUNGENESS CRAB
24A ,,10/2/2019,2019,10,2,3367,1,,,38335,56143,128547,3.5,,561,21,,105,LA815185,COMM,0,DUNGENESS CRAB
22B ,,10/2/2019,2019,10,2,1847,1,,,38757,56188,128547,3.5,,561,21,,105,LA815178,COMM,0,DUNGENESS CRAB
22A ,,10/2/2019,2019,10,2,2490,1,,,32405,56229,128547,3.5,,561,21,,105,LA815184,COMM,0,DUNGENESS CRAB
22B ,,10/2/2019,2019,10,2,999,1,,,37574,55949,128547,3.5,,561,21,,105,LA815181,COMM,0,DUNGENESS CRAB
22A ,,10/2/2019,2019,10,2,2672,1,,,35168,56185,128547,3.5,,561,21,,105,LA815183,COMM,0,DUNGENESS CRAB
24A ,,10/2/2019,2019,10,2,705,1,,,37655,55968,128547,3.5,,561,21,,105,LA815182,COMM,0,DUNGENESS CRAB
24A ,,10/2/2019,2019,10,2,1914,1,,,34635,56358,128547,3.5,,561,21,,105,LA815180,COMM,0,DUNGENESS CRAB
22B ,,10/2/2019,2019,10,2,1002,1,,,35427,56301,128547,3.5,,561,21,,105,LA815179,COMM,0,DUNGENESS CRAB
24A ,,10/3/2019,2019,10,3,2867,1,,,38335,56143,128547,3.5,,561,21,,105,LA815193,COMM,0,DUNGENESS CRAB
22A ,,10/3/2019,2019,10,3,2242,1,,,35168,56268,128547,3.5,,561,21,,105,LA815192,COMM,0,DUNGENESS CRAB
24A ,,10/3/2019,2019,10,3,2040,1,,,15706,56174,128547,3.5,,561,21,,105,LA815191,COMM,0,DUNGENESS CRAB
24A ,,10/3/2019,2019,10,3,2265,1,,,34635,56008,128547,3.5,,561,21,,105,LA815190,COMM,0,DUNGENESS CRAB
22A ,,10/3/2019,2019,10,3,1993,1,,,32405,56229,128547,3.5,,561,21,,105,LA815189,COMM,0,DUNGENESS CRAB
22B ,,10/3/2019,2019,10,3,819,1,,,37574,55949,128547,3.5,,561,21,,105,LA815188,COMM,0,DUNGENESS CRAB
22B ,,10/3/2019,2019,10,3,1940,1,,,38757,57980,128547,3.5,,561,21,,105,LA815187,COMM,0,DUNGENESS CRAB
24A ,,10/3/2019,2019,10,3,4800,1,,,36579,56395,128547,3.5,,561,21,,143,LA811612,COMM,0,DUNGENESS CRAB
24A ,,10/3/2019,2019,10,3,2984,1,,,36376,56412,128547,3.5,,561,21,,143,LA811611,COMM,0,DUNGENESS CRAB
24C ,,10/3/2019,2019,10,3,1716,1,,,36635,56104,128547,3.5,,561,21,,143,LA811610,COMM,0,DUNGENESS CRAB
24A ,,10/3/2019,2019,10,3,3839,1,,,38114,56278,128547,3.5,,561,21,,143,LA811609,COMM,0,DUNGENESS CRAB
24C ,,10/6/2019,2019,10,6,1528,1,,,37829,56111,128587,4.25,,561,21,,143,LA817228,COMM,0,DUNGENESS CRAB
24C ,,10/5/2019,2019,10,5,2186,1,,,37829,56111,128587,4.25,,561,21,,143,LA817227,COMM,0,DUNGENESS CRAB
24C ,,10/4/2019,2019,10,4,1754,1,,,37829,56111,128587,4.15,,561,21,,143,LA817226,COMM,0,DUNGENESS CRAB
24C ,,10/3/2019,2019,10,3,1961,1,,,37829,55965,128587,4.25,,561,21,,143,LA817225,COMM,0,DUNGENESS CRAB
22B ,,10/2/2019,2019,10,2,1268,1,,,19670,56184,128685,3.75,,561,21,,105,LA821023,COMM,0,DUNGENESS CRAB
24A ,,10/2/2019,2019,10,2,810,1,,,36791,56130,128685,3.75,,561,21,,105,LA821022,COMM,0,DUNGENESS CRAB
22B ,,10/2/2019,2019,10,2,1381,1,,,38750,56241,128685,3.75,,561,21,,105,LA821021,COMM,0,DUNGENESS CRAB
21A ,,10/2/2019,2019,10,2,1638,1,,,36485,56041,128685,3.75,,561,21,,105,LA821020,COMM,0,DUNGENESS CRAB
22A ,,10/2/2019,2019,10,2,436,1,,,37666,56214,128685,3.75,,561,21,,105,LA821018,COMM,0,DUNGENESS CRAB
21A ,,10/2/2019,2019,10,2,960,1,,,34334,56346,128685,3.75,,561,21,,105,LA821024,COMM,0,DUNGENESS CRAB
22A ,,10/3/2019,2019,10,3,370,1,,,37666,56214,128685,3.75,,561,21,,105,LA821019,COMM,0,DUNGENESS CRAB
21A ,,10/3/2019,2019,10,3,1180,1,,,36485,56118,128685,3.75,,561,21,,105,LA821025,COMM,0,DUNGENESS CRAB
22B ,,10/3/2019,2019,10,3,1223,1,,,38750,56241,128685,4,,561,21,,105,LA821026,COMM,0,DUNGENESS CRAB
22B ,,10/3/2019,2019,10,3,868,1,,,19670,56184,128685,4,,561,21,,105,LA821028,COMM,0,DUNGENESS CRAB
24C ,,10/3/2019,2019,10,3,1037,1,,,36791,56130,128685,4,,561,21,,105,LA821029,COMM,0,DUNGENESS CRAB
24A ,,10/3/2019,2019,10,3,5051,1,,,37662,56127,128685,4,,561,21,,105,LA821030,COMM,0,DUNGENESS CRAB
20A ,,10/1/2019,2019,10,1,42,1,,,34911,55904,128769,3.5,,561,21,,115,LA813051,COMM,0,DUNGENESS CRAB
20A ,,10/1/2019,2019,10,1,207,1,,,38133,56312,128769,3.5,,561,21,,115,LA813052,COMM,0,DUNGENESS CRAB
20A ,,10/1/2019,2019,10,1,833,1,,,31658,55903,128769,3.5,,561,21,,115,LA813053,COMM,0,DUNGENESS CRAB
20A ,,10/2/2019,2019,10,2,1072,1,,,31658,55903,128769,3.5,,561,21,,115,LA813054,COMM,0,DUNGENESS CRAB
20A ,,10/3/2019,2019,10,3,307,1,,,31658,55903,128769,3.5,,561,21,,115,LA813055,COMM,0,DUNGENESS CRAB
20A ,,10/2/2019,2019,10,2,1195,1,,,34911,55904,128769,3.5,,561,21,,115,LA813056,COMM,0,DUNGENESS CRAB
20A ,,10/3/2019,2019,10,3,440,1,,,34911,55904,128769,3.5,,561,21,,115,LA813057,COMM,0,DUNGENESS CRAB
20A ,,10/3/2019,2019,10,3,709,1,,,30153,56312,128769,3.5,,561,21,,115,LA813058,COMM,0,DUNGENESS CRAB
20A ,,10/3/2019,2019,10,3,2,1,,,30153,56312,128769,0,,561,21,,115,LA813058,TKHM,0,DUNGENESS CRAB
20A ,,10/3/2019,2019,10,3,223,1,,,34911,55904,128769,3.5,,561,21,,115,LA813059,COMM,0,DUNGENESS CRAB
20A ,,10/3/2019,2019,10,3,908,1,,,31658,55903,128769,3.5,,561,21,,115,LA813060,COMM,0,DUNGENESS CRAB
20A ,,10/3/2019,2019,10,3,2848,1,,,38749,55998,130144,3.75,,561,21,,110,LA827606,COMM,0,DUNGENESS CRAB
20A ,,10/1/2019,2019,10,1,1387,1,,,29186,56011,130144,3.75,,561,21,,110,LA827602,COMM,0,DUNGENESS CRAB
20A ,,10/2/2019,2019,10,2,921,1,,,29186,56011,130144,3.75,,561,21,,110,LA827604,COMM,0,DUNGENESS CRAB
20A ,,10/3/2019,2019,10,3,2064,1,,,29186,56011,130144,3.75,,561,21,,110,LA827605,COMM,0,DUNGENESS CRAB
22B ,,10/3/2019,2019,10,3,1236,1,,,34330,57393,128207,3,,561,21,,105,Z967466,COMM,0,DUNGENESS CRAB
22B ,,10/2/2019,2019,10,2,1483,1,,,34330,57393,128207,3,,561,21,,105,Z967465,COMM,0,DUNGENESS CRAB
20A ,,10/3/2019,2019,10,3,2983,1,,,29009,56108,128235,3.75,,561,21,,,JP712601,COMM,0,DUNGENESS CRAB
20A ,,10/4/2019,2019,10,4,1322,1,,,37678,56042,128235,3.75,,561,21,,110,LA823673,COMM,0,DUNGENESS CRAB
20A ,,10/4/2019,2019,10,4,543,1,,,34710,56277,128235,3.75,,561,21,,110,LA823675,COMM,0,DUNGENESS CRAB
20A ,,10/4/2019,2019,10,4,2000,1,,,38134,56059,128235,3.75,,561,21,,110,LA823672,COMM,0,DUNGENESS CRAB
20A ,,10/5/2019,2019,10,5,1641,1,,,20890,56175,128235,3.75,,561,21,,110,LA823671,COMM,0,DUNGENESS CRAB
20A ,,10/4/2019,2019,10,4,1137,1,,,38505,56288,128235,3.75,,561,21,,110,LA823674,COMM,0,DUNGENESS CRAB
20A ,,10/4/2019,2019,10,4,2693,1,,,29009,56108,128235,3.75,,561,21,,110,LA823670,COMM,0,DUNGENESS CRAB
20A ,,10/4/2019,2019,10,4,520,1,,,38752,56107,128235,3.75,,561,21,,110,LA823669,COMM,0,DUNGENESS CRAB
24C ,,10/2/2019,2019,10,2,1823,1,,,37829,56111,128252,4.25,,561,21,,105,LA817806,COMM,0,DUNGENESS CRAB
24C ,,10/5/2019,2019,10,5,2054,1,,,36117,56378,128252,4.25,,561,21,,105,LA817810,COMM,0,DUNGENESS CRAB
24C ,,10/6/2019,2019,10,6,1930,1,,,36117,56378,128252,4.25,,561,21,,105,LA817811,COMM,0,DUNGENESS CRAB
20A ,,10/3/2019,2019,10,3,2491,1,,,38265,56203,128258,3.5,,561,21,,110,LA820273,COMM,0,DUNGENESS CRAB
20A ,,10/3/2019,2019,10,3,2208,1,,,38572,56226,128258,3.5,,561,21,,110,LA820274,COMM,0,DUNGENESS CRAB
24A ,,10/3/2019,2019,10,3,3400,1,,,16466,56201,128258,3.5,,561,21,,105,LA820311,COMM,0,DUNGENESS CRAB
24A ,,10/3/2019,2019,10,3,2731,1,,,37901,56311,128258,3.5,,561,21,,105,LA820312,COMM,0,DUNGENESS CRAB
22A ,,10/3/2019,2019,10,3,2373,1,,,28963,56033,128258,3.5,,561,21,,105,LA820313,COMM,0,DUNGENESS CRAB
26A ,E,10/3/2019,2019,10,3,913,1,,,24503,56339,128258,3.5,,561,21,,130,LA820359,COMM,0,DUNGENESS CRAB
26A ,E,10/3/2019,2019,10,3,2270,1,,,38547,56331,128258,3.5,,561,21,,130,LA820360,COMM,0,DUNGENESS CRAB
26A ,E,10/3/2019,2019,10,3,3306,1,,,38110,56377,128258,3.5,,561,21,,130,LA820361,COMM,0,DUNGENESS CRAB
26A ,E,10/2/2019,2019,10,2,5444,1,,,38127,56075,128258,3.5,,561,21,,130,LA820362,COMM,0,DUNGENESS CRAB
26A ,E,10/5/2019,2019,10,5,480,1,,,38351,56205,128359,4.5,,561,21,,,Z941734,COMM,0,DUNGENESS CRAB
26A ,E,10/5/2019,2019,10,5,869,1,,,38351,56205,128359,4.5,,561,21,,,Z941735,COMM,0,DUNGENESS CRAB
20A ,,10/6/2019,2019,10,6,8052,1,,,36692,56350,128366,4.1,,561,21,,,Z936519,COMM,0,DUNGENESS CRAB
20A ,,10/3/2019,2019,10,3,2152,1,,,29003,56173,128370,3.75,,561,21,,105,LA822305,COMM,0,DUNGENESS CRAB
20A ,,10/3/2019,2019,10,3,2290,1,,,38759,56122,128370,3.75,,561,21,,105,LA822306,COMM,0,DUNGENESS CRAB
21A ,,10/3/2019,2019,10,3,125,1,,,37396,56394,128420,3.5,,561,21,,105,LA813428,COMM,0,DUNGENESS CRAB
21A ,,10/4/2019,2019,10,4,202,1,,,37396,56394,128420,3.75,,561,21,,105,LA813433,COMM,0,DUNGENESS CRAB
21A ,,10/4/2019,2019,10,4,1025,1,,,35655,56212,128420,3.75,,561,21,,105,LA813434,COMM,0,DUNGENESS CRAB
20A ,,10/4/2019,2019,10,4,1276,1,,,38742,56160,128420,3.75,,561,21,,105,LA813435,COMM,0,DUNGENESS CRAB
21A ,,10/4/2019,2019,10,4,768,1,,,38726,56092,128420,3.75,,561,21,,105,LA813436,COMM,0,DUNGENESS CRAB
20A ,,10/4/2019,2019,10,4,597,1,,,38559,56142,128420,3.75,,561,21,,105,LA813437,COMM,0,DUNGENESS CRAB
21A ,,10/5/2019,2019,10,5,467,1,,,35655,56212,128420,3.75,,561,21,,105,LA813438,COMM,0,DUNGENESS CRAB
20A ,,10/5/2019,2019,10,5,1812,1,,,38742,56160,128420,3.75,,561,21,,105,LA813439,COMM,0,DUNGENESS CRAB
20A ,,10/5/2019,2019,10,5,654,1,,,38559,56387,128420,3.75,,561,21,,105,LA813440,COMM,0,DUNGENESS CRAB
20A ,,10/6/2019,2019,10,6,1322,1,,,38742,56160,128420,3.75,,561,21,,105,LA813441,COMM,0,DUNGENESS CRAB
21A ,,10/6/2019,2019,10,6,1310,1,,,35655,56212,128420,3.75,,561,21,,105,LA813442,COMM,0,DUNGENESS CRAB
21A ,,10/6/2019,2019,10,6,308,1,,,37396,56394,128420,3.75,,561,21,,105,LA813443,COMM,0,DUNGENESS CRAB
21A ,,10/6/2019,2019,10,6,875,1,,,38726,56092,128420,3.75,,561,21,,105,LA813444,COMM,0,DUNGENESS CRAB
20A ,,10/6/2019,2019,10,6,567,1,,,38559,56387,128420,3.75,,561,21,,105,LA813445,COMM,0,DUNGENESS CRAB
20A ,,10/1/2019,2019,10,1,550,1,,,32391,56191,128458,3.5,,561,21,,110,LA812877,COMM,0,DUNGENESS CRAB
20A ,,10/1/2019,2019,10,1,180,1,,,19807,56159,128458,3.5,,561,21,,110,LA812878,COMM,0,DUNGENESS CRAB
20A ,,10/1/2019,2019,10,1,1141,1,,,27853,56005,128458,3.5,,561,21,,110,LA812879,COMM,0,DUNGENESS CRAB
20A ,,10/4/2019,2019,10,4,1802,1,,,32391,55915,128458,3.75,,561,21,,110,LA812896,COMM,0,DUNGENESS CRAB
20A ,,10/4/2019,2019,10,4,271,1,,,19807,56159,128458,3.75,,561,21,,110,LA812897,COMM,0,DUNGENESS CRAB
20A ,,10/4/2019,2019,10,4,957,1,,,35845,56238,128458,3.75,,561,21,,110,LA812898,COMM,0,DUNGENESS CRAB
20A ,,10/4/2019,2019,10,4,781,1,,,6295,55921,128458,3.75,,561,21,,110,LA812899,COMM,0,DUNGENESS CRAB
20A ,,10/4/2019,2019,10,4,1139,1,,,35666,56297,128458,3.75,,561,21,,110,LA812900,COMM,0,DUNGENESS CRAB
20A ,,10/4/2019,2019,10,4,576,1,,,34280,60446,128458,3.75,,561,21,,110,LA812901,COMM,0,DUNGENESS CRAB
20A ,,10/4/2019,2019,10,4,2398,1,,,27853,56005,128458,3.75,,561,21,,110,LA812903,COMM,0,DUNGENESS CRAB
20A ,,10/4/2019,2019,10,4,1388,1,,,33138,56411,128458,3.75,,561,21,,110,LA812904,COMM,0,DUNGENESS CRAB
20A ,,10/4/2019,2019,10,4,600,1,,,34710,56277,128458,3.75,,561,21,,110,LA812905,COMM,0,DUNGENESS CRAB
20A ,,10/5/2019,2019,10,5,180,1,,,19807,56159,128458,3.75,,561,21,,110,LA812906,COMM,0,DUNGENESS CRAB
20A ,,10/5/2019,2019,10,5,1100,1,,,32391,56191,128458,3.75,,561,21,,110,LA812907,COMM,0,DUNGENESS CRAB
20A ,,10/5/2019,2019,10,5,293,1,,,6295,55921,128458,3.75,,561,21,,110,LA812908,COMM,0,DUNGENESS CRAB
20A ,,10/5/2019,2019,10,5,344,1,,,34280,60446,128458,3.75,,561,21,,110,LA812909,COMM,0,DUNGENESS CRAB
20A ,,10/5/2019,2019,10,5,789,1,,,35666,56326,128458,3.75,,561,21,,110,LA812910,COMM,0,DUNGENESS CRAB
20A ,,10/5/2019,2019,10,5,729,1,,,35845,56357,128458,3.75,,561,21,,110,LA812911,COMM,0,DUNGENESS CRAB
20A ,,10/5/2019,2019,10,5,2422,1,,,27853,56005,128458,3.75,,561,21,,110,LA812912,COMM,0,DUNGENESS CRAB
20A ,,10/5/2019,2019,10,5,1220,1,,,33138,56411,128458,3.75,,561,21,,110,LA812913,COMM,0,DUNGENESS CRAB
20A ,,10/5/2019,2019,10,5,758,1,,,34710,56053,128458,3.75,,561,21,,110,LA812914,COMM,0,DUNGENESS CRAB
20A ,,10/1/2019,2019,10,1,765,1,,,37458,55945,128485,3.5,,561,21,,115,LA816021,COMM,0,DUNGENESS CRAB
20A ,,10/1/2019,2019,10,1,1222,1,,,38352,55910,128485,3.5,,561,21,,115,LA816022,COMM,0,DUNGENESS CRAB
20A ,,10/1/2019,2019,10,1,210,1,,,25435,56359,128485,3.5,,561,21,,115,LA816023,COMM,0,DUNGENESS CRAB
20A ,,10/2/2019,2019,10,2,1552,1,,,18283,55997,128485,3.5,,561,21,,115,LA816024,COMM,0,DUNGENESS CRAB
20A ,,10/2/2019,2019,10,2,1048,1,,,38730,56083,128485,3.5,,561,21,,115,LA816026,COMM,0,DUNGENESS CRAB
20A ,,10/2/2019,2019,10,2,1048,1,,,38730,55909,128485,3.5,,561,21,,115,LA816027,COMM,0,DUNGENESS CRAB
20A ,,10/2/2019,2019,10,2,1603,1,,,16584,56128,128485,3.5,,561,21,,115,LA816028,COMM,0,DUNGENESS CRAB
20A ,,10/2/2019,2019,10,2,1757,1,,,12486,55905,128485,3.5,,561,21,,115,LA816029,COMM,0,DUNGENESS CRAB
20A ,,10/2/2019,2019,10,2,2039,1,,,38352,55910,128485,3.5,,561,21,,115,LA816030,COMM,0,DUNGENESS CRAB
20A ,,10/2/2019,2019,10,2,942,1,,,13205,56223,128485,3.5,,561,21,,115,LA816031,COMM,0,DUNGENESS CRAB
20A ,,10/2/2019,2019,10,2,440,1,,,24737,55979,128485,3.5,,561,21,,115,LA816032,COMM,0,DUNGENESS CRAB
20A ,,10/2/2019,2019,10,2,1226,1,,,25435,56359,128485,3.5,,561,21,,115,LA816033,COMM,0,DUNGENESS CRAB
20A ,,10/2/2019,2019,10,2,3801,1,,,37458,55945,128485,3.5,,561,21,,115,LA816034,COMM,0,DUNGENESS CRAB
20A ,,10/3/2019,2019,10,3,99,1,,,25435,56269,128485,3.5,,561,21,,115,LA816035,COMM,0,DUNGENESS CRAB
20A ,,10/3/2019,2019,10,3,1193,1,,,18283,55997,128485,3.5,,561,21,,115,LA816036,COMM,0,DUNGENESS CRAB
20A ,,10/3/2019,2019,10,3,465,1,,,12486,56070,128485,3.5,,561,21,,115,LA816037,COMM,0,DUNGENESS CRAB
20A ,,10/3/2019,2019,10,3,1478,1,,,16584,56128,128485,3.5,,561,21,,115,LA816038,COMM,0,DUNGENESS CRAB
20A ,,10/3/2019,2019,10,3,1624,1,,,31436,56206,128485,3.5,,561,21,,115,LA816039,COMM,0,DUNGENESS CRAB
20A ,,10/3/2019,2019,10,3,716,1,,,38730,55909,128485,3.5,,561,21,,115,LA816041,COMM,0,DUNGENESS CRAB
20A ,,10/3/2019,2019,10,3,714,1,,,38730,55909,128485,3.5,,561,21,,115,LA816042,COMM,0,DUNGENESS CRAB
20A ,,10/3/2019,2019,10,3,1697,1,,,38352,56148,128485,3.5,,561,21,,115,LA816043,COMM,0,DUNGENESS CRAB
20A ,,10/3/2019,2019,10,3,1843,1,,,37458,55945,128485,3.5,,561,21,,115,LA816044,COMM,0,DUNGENESS CRAB
20A ,,10/4/2019,2019,10,4,1285,1,,,18283,55997,128485,3.75,,561,21,,115,LA816045,COMM,0,DUNGENESS CRAB
20A ,,10/4/2019,2019,10,4,1515,1,,,12486,56070,128485,3.75,,561,21,,115,LA816046,COMM,0,DUNGENESS CRAB
20A ,,10/4/2019,2019,10,4,540,1,,,24737,55979,128485,3.75,,561,21,,115,LA816047,COMM,0,DUNGENESS CRAB
20A ,,10/4/2019,2019,10,4,1757,1,,,38352,56148,128485,3.75,,561,21,,115,LA816048,COMM,0,DUNGENESS CRAB
20A ,,10/4/2019,2019,10,4,2161,1,,,37458,55945,128485,3.75,,561,21,,115,LA816049,COMM,0,DUNGENESS CRAB
20A ,,10/4/2019,2019,10,4,589,1,,,38730,55909,128485,3.75,,561,21,,115,LA816050,COMM,0,DUNGENESS CRAB
20A ,,10/4/2019,2019,10,4,590,1,,,38730,56083,128485,3.75,,561,21,,115,LA816051,COMM,0,DUNGENESS CRAB
20A ,,10/4/2019,2019,10,4,567,1,,,37678,56042,128485,3.75,,561,21,,115,LA816052,COMM,0,DUNGENESS CRAB
20A ,,10/4/2019,2019,10,4,1232,1,,,25435,56269,128485,3.75,,561,21,,115,LA816053,COMM,0,DUNGENESS CRAB
20A ,,10/4/2019,2019,10,4,1229,1,,,13205,56223,128485,3.75,,561,21,,115,LA816054,COMM,0,DUNGENESS CRAB
20A ,,10/5/2019,2019,10,5,1250,1,,,37678,56042,128485,3.75,,561,21,,115,LA816055,COMM,0,DUNGENESS CRAB
20A ,,10/5/2019,2019,10,5,1074,1,,,18283,55997,128485,3.75,,561,21,,115,LA816056,COMM,0,DUNGENESS CRAB
20A ,,10/5/2019,2019,10,5,652,1,,,12486,55905,128485,3.75,,561,21,,115,LA816057,COMM,0,DUNGENESS CRAB
20A ,,10/5/2019,2019,10,5,486,1,,,38730,55909,128485,3.75,,561,21,,115,LA816058,COMM,0,DUNGENESS CRAB
20A ,,10/5/2019,2019,10,5,485,1,,,38730,56083,128485,3.75,,561,21,,115,LA816059,COMM,0,DUNGENESS CRAB
20A ,,10/5/2019,2019,10,5,865,1,,,16584,56128,128485,3.75,,561,21,,115,LA816060,COMM,0,DUNGENESS CRAB
20A ,,10/5/2019,2019,10,5,1697,1,,,38352,55910,128485,3.75,,561,21,,115,LA816061,COMM,0,DUNGENESS CRAB
20A ,,10/5/2019,2019,10,5,2013,1,,,37458,55945,128485,3.75,,561,21,,115,LA816062,COMM,0,DUNGENESS CRAB
20A ,,10/5/2019,2019,10,5,889,1,,,31436,56206,128485,3.75,,561,21,,115,LA816063,COMM,0,DUNGENESS CRAB
20A ,,10/5/2019,2019,10,5,823,1,,,25435,56269,128485,3.75,,561,21,,115,LA816064,COMM,0,DUNGENESS CRAB
20A ,,10/6/2019,2019,10,6,844,1,,,18283,55997,128485,3.75,,561,21,,115,LA816065,COMM,0,DUNGENESS CRAB
20A ,,10/6/2019,2019,10,6,1186,1,,,37678,56042,128485,3.75,,561,21,,115,LA816066,COMM,0,DUNGENESS CRAB
20A ,,10/6/2019,2019,10,6,386,1,,,38730,55909,128485,3.75,,561,21,,115,LA816067,COMM,0,DUNGENESS CRAB
20A ,,10/6/2019,2019,10,6,387,1,,,38730,56083,128485,3.75,,561,21,,115,LA816068,COMM,0,DUNGENESS CRAB
20A ,,10/6/2019,2019,10,6,1492,1,,,38352,55910,128485,3.75,,561,21,,115,LA816069,COMM,0,DUNGENESS CRAB
20A ,,10/6/2019,2019,10,6,937,1,,,16584,56051,128485,3.75,,561,21,,115,LA816070,COMM,0,DUNGENESS CRAB
20A ,,10/6/2019,2019,10,6,901,1,,,12486,55905,128485,3.75,,561,21,,115,LA816071,COMM,0,DUNGENESS CRAB
20A ,,10/6/2019,2019,10,6,1665,1,,,37458,55945,128485,3.75,,561,21,,115,LA816072,COMM,0,DUNGENESS CRAB
20A ,,10/6/2019,2019,10,6,964,1,,,13205,56216,128485,3.75,,561,21,,115,LA816073,COMM,0,DUNGENESS CRAB
20A ,,10/6/2019,2019,10,6,797,1,,,25435,56269,128485,3.75,,561,21,,115,LA816074,COMM,0,DUNGENESS CRAB
21A ,,10/2/2019,2019,10,2,975,1,,,20009,56099,128584,4,,561,21,,110,Z988903,COMM,0,DUNGENESS CRAB
21A ,,10/4/2019,2019,10,4,1024,1,,,20009,56095,128584,4,,561,21,,110,Z988904,COMM,0,DUNGENESS CRAB
21A ,,10/5/2019,2019,10,5,105,1,,,20009,56095,128584,4,,561,21,,110,Z988905,COMM,0,DUNGENESS CRAB
21A ,,10/6/2019,2019,10,6,510,1,,,20009,56099,128584,4,,561,21,,110,Z988906,COMM,0,DUNGENESS CRAB
20A ,,10/2/2019,2019,10,2,436,1,,,36351,56292,128598,1,,561,21,,105,LA826763,COMM,0,DUNGENESS CRAB
22B ,,10/2/2019,2019,10,2,200,1,,,36351,56292,128598,1,,561,21,,105,LA826763,COMM,0,DUNGENESS CRAB
21A ,,10/2/2019,2019,10,2,1000,1,,,36351,56292,128598,1,,561,21,,105,LA826763,COMM,0,DUNGENESS CRAB
20B ,,10/2/2019,2019,10,2,840,1,,,38725,56227,128598,1,,561,21,,105,LA826764,COMM,0,DUNGENESS CRAB
22A ,,10/3/2019,2019,10,3,631,1,,,38725,56459,128598,1,,561,21,,105,LA826765,COMM,0,DUNGENESS CRAB
21A ,,10/3/2019,2019,10,3,1000,1,,,36351,56207,128598,1,,561,21,,105,LA826766,COMM,0,DUNGENESS CRAB
22B ,,10/3/2019,2019,10,3,336,1,,,36351,56207,128598,1,,561,21,,105,LA826766,COMM,0,DUNGENESS CRAB
22A ,,10/4/2019,2019,10,4,600,1,,,36351,56292,128598,1,,561,21,,105,LA826767,COMM,0,DUNGENESS CRAB
20B ,,10/4/2019,2019,10,4,500,1,,,36351,56292,128598,1,,561,21,,105,LA826767,COMM,0,DUNGENESS CRAB
20A ,,10/4/2019,2019,10,4,577,1,,,36351,56207,128598,1,,561,21,,105,LA826768,COMM,0,DUNGENESS CRAB
20A ,,10/1/2019,2019,10,1,222,1,,,30578,55907,128605,3.5,,561,21,,115,LA813586,COMM,0,DUNGENESS CRAB
20A ,,10/1/2019,2019,10,1,634,1,,,37333,56349,128605,3.5,,561,21,,115,LA813587,COMM,0,DUNGENESS CRAB
20A ,,10/1/2019,2019,10,1,418,1,,,36312,55918,128605,3.5,,561,21,,115,LA813588,COMM,0,DUNGENESS CRAB
20A ,,10/1/2019,2019,10,1,1098,1,,,37174,56324,128605,3.5,,561,21,,115,LA813589,COMM,0,DUNGENESS CRAB
20A ,,10/1/2019,2019,10,1,1845,1,,,36645,55946,128605,3.5,,561,21,,115,LA813590,COMM,0,DUNGENESS CRAB
20A ,,10/2/2019,2019,10,2,2226,1,,,37174,56186,128605,3.5,,561,21,,115,LA813591,COMM,0,DUNGENESS CRAB
20A ,,10/2/2019,2019,10,2,763,1,,,3692,56243,128605,3.5,,561,21,,115,LA813592,COMM,0,DUNGENESS CRAB
20A ,,10/2/2019,2019,10,2,3475,1,,,30578,55907,128605,3.5,,561,21,,115,LA813593,COMM,0,DUNGENESS CRAB
20A ,,10/2/2019,2019,10,2,3298,1,,,37333,56349,128605,3.5,,561,21,,115,LA813594,COMM,0,DUNGENESS CRAB
20A ,,10/2/2019,2019,10,2,22,1,,,37333,56349,128605,0,,561,21,,115,LA813594,TKHM,0,DUNGENESS CRAB
20A ,,10/2/2019,2019,10,2,531,1,,,36312,55918,128605,3.5,,561,21,,115,LA813595,COMM,0,DUNGENESS CRAB
20A ,,10/2/2019,2019,10,2,194,1,,,38505,56288,128605,3.5,,561,21,,115,LA813596,COMM,0,DUNGENESS CRAB
20A ,,10/2/2019,2019,10,2,3468,1,,,36645,55946,128605,3.5,,561,21,,115,LA813597,COMM,0,DUNGENESS CRAB
20A ,,10/3/2019,2019,10,3,678,1,,,3692,56243,128605,3.5,,561,21,,115,LA813598,COMM,0,DUNGENESS CRAB
20A ,,10/3/2019,2019,10,3,2040,1,,,37174,56324,128605,3.5,,561,21,,115,LA813599,COMM,0,DUNGENESS CRAB
20A ,,10/3/2019,2019,10,3,2438,1,,,37333,56349,128605,3.5,,561,21,,115,LA813600,COMM,0,DUNGENESS CRAB
20A ,,10/3/2019,2019,10,3,2670,1,,,30578,56384,128605,3.5,,561,21,,115,LA813601,COMM,0,DUNGENESS CRAB
20A ,,10/3/2019,2019,10,3,22,1,,,30578,56384,128605,0,,561,21,,115,LA813601,TKHM,0,DUNGENESS CRAB
20A ,,10/3/2019,2019,10,3,2546,1,,,36645,55946,128605,3.5,,561,21,,115,LA813602,COMM,0,DUNGENESS CRAB
20A ,,10/4/2019,2019,10,4,642,1,,,36312,55918,128605,3.5,,561,21,,115,LA813603,COMM,0,DUNGENESS CRAB
20A ,,10/4/2019,2019,10,4,2042,1,,,37174,56324,128605,3.5,,561,21,,115,LA813604,COMM,0,DUNGENESS CRAB
20A ,,10/4/2019,2019,10,4,671,1,,,3692,56243,128605,3.5,,561,21,,115,LA813605,COMM,0,DUNGENESS CRAB
20A ,,10/4/2019,2019,10,4,2473,1,,,30578,55907,128605,3.5,,561,21,,115,LA813607,COMM,0,DUNGENESS CRAB
20A ,,10/4/2019,2019,10,4,2362,1,,,37333,56349,128605,3.5,,561,21,,115,LA813606,COMM,0,DUNGENESS CRAB
20A ,,10/4/2019,2019,10,4,2430,1,,,36645,55946,128605,3.5,,561,21,,115,LA813608,COMM,0,DUNGENESS CRAB
20A ,,10/4/2019,2019,10,4,440,1,,,38505,56288,128605,3.5,,561,21,,115,LA813609,COMM,0,DUNGENESS CRAB
25A ,,10/5/2019,2019,10,5,1057,1,,,38755,56064,128621,3.75,,561,21,,175,Y831739,COMM,0,DUNGENESS CRAB
25A ,,10/5/2019,2019,10,5,2657,1,,,10340,56187,128621,3.75,,561,21,,175,Y831740,COMM,0,DUNGENESS CRAB
25A ,,10/7/2019,2019,10,7,2455,1,,,10340,56187,128621,4.75,,561,21,,175,Y831741,COMM,0,DUNGENESS CRAB
22A ,,10/2/2019,2019,10,2,968,1,,,38558,56345,128713,3.75,,561,21,,165,Z953472,COMM,0,DUNGENESS CRAB
22A ,,10/3/2019,2019,10,3,776,1,,,38558,56345,128713,3.75,,561,21,,165,Z953473,COMM,0,DUNGENESS CRAB
22A ,,10/3/2019,2019,10,3,1302,1,,,37144,56068,128713,3.75,,561,21,,165,Z953474,COMM,0,DUNGENESS CRAB
22A ,,10/4/2019,2019,10,4,554,1,,,38558,56345,128713,3.75,,561,21,,165,Z953475,COMM,0,DUNGENESS CRAB
22A ,,10/4/2019,2019,10,4,1221,1,,,37144,56068,128713,3.75,,561,21,,165,Z953476,COMM,0,DUNGENESS CRAB
22A ,,10/5/2019,2019,10,5,993,1,,,37144,56068,128713,3.75,,561,21,,165,Z953477,COMM,0,DUNGENESS CRAB
22A ,,10/5/2019,2019,10,5,488,1,,,38558,56345,128713,3.75,,561,21,,165,Z953478,COMM,0,DUNGENESS CRAB
20A ,,10/4/2019,2019,10,4,1146,1,,,34911,55904,128769,3.75,,561,21,,115,LA813061,COMM,0,DUNGENESS CRAB
20A ,,10/4/2019,2019,10,4,967,1,,,31658,55903,128769,3.75,,561,21,,115,LA813062,COMM,0,DUNGENESS CRAB
20A ,,10/5/2019,2019,10,5,656,1,,,34911,55904,128769,3.75,,561,21,,115,LA813063,COMM,0,DUNGENESS CRAB
20A ,,10/5/2019,2019,10,5,893,1,,,31658,55903,128769,3.75,,561,21,,115,LA813064,COMM,0,DUNGENESS CRAB
20A ,,10/5/2019,2019,10,5,2105,1,,,30578,56384,128769,3.75,,561,21,,115,LA813065,COMM,0,DUNGENESS CRAB
20A ,,10/6/2019,2019,10,6,914,1,,,30153,56312,128769,3.75,,561,21,,115,LA813066,COMM,0,DUNGENESS CRAB
20A ,,10/6/2019,2019,10,6,1002,1,,,31658,55903,128769,3.75,,561,21,,115,LA813067,COMM,0,DUNGENESS CRAB
20A ,,10/6/2019,2019,10,6,724,1,,,34911,55904,128769,3.75,,561,21,,115,LA813068,COMM,0,DUNGENESS CRAB
20A ,,10/6/2019,2019,10,6,24,1,,,34911,55904,128769,0,,561,21,,115,LA813068,TKHM,0,DUNGENESS CRAB
20A ,,10/1/2019,2019,10,1,393,1,,,37441,57339,129581,4,,561,21,,,LA802244,COMM,0,DUNGENESS CRAB
20A ,,10/1/2019,2019,10,1,869,1,,,38749,55998,129581,4,,561,21,,,LA802245,COMM,0,DUNGENESS CRAB
20A ,,10/2/2019,2019,10,2,3146,1,,,38749,55998,129581,4,,561,21,,,LA802249,COMM,0,DUNGENESS CRAB
20A ,,10/5/2019,2019,10,5,2170,1,,,38749,55998,129581,4,,561,21,,,LA819455,COMM,0,DUNGENESS CRAB
21B ,,10/5/2019,2019,10,5,612,1,,,31384,55977,130046,3.5,,561,21,,,W809966,COMM,0,DUNGENESS CRAB
21B ,,10/6/2019,2019,10,6,364,1,,,32722,56356,130046,3.75,,561,21,,,W809967,COMM,0,DUNGENESS CRAB
21B ,,10/6/2019,2019,10,6,601,1,,,23907,59373,130046,3.75,,561,21,,,W809968,COMM,0,DUNGENESS CRAB
20A ,,10/2/2019,2019,10,2,3042,1,,,29009,56108,128235,3.75,,561,21,,110,LA823651,COMM,0,DUNGENESS CRAB
25B ,,10/3/2019,2019,10,3,323,1,,,37667,56172,128235,3.75,,561,21,,110,LA823661,COMM,0,DUNGENESS CRAB
25B ,,10/3/2019,2019,10,3,1509,1,,,38755,56064,128235,3.75,,561,21,,110,LA823662,COMM,0,DUNGENESS CRAB
20A ,,10/4/2019,2019,10,4,676,1,,,38572,56226,128258,3.5,,561,21,,105,LA820270,COMM,0,DUNGENESS CRAB
20A ,,10/4/2019,2019,10,4,2460,1,,,38572,56226,128258,3.75,,561,21,,110,LA820275,COMM,0,DUNGENESS CRAB
20A ,,10/4/2019,2019,10,4,2614,1,,,38265,56266,128258,3.75,,561,21,,110,LA820276,COMM,0,DUNGENESS CRAB
20A ,,10/5/2019,2019,10,5,2291,1,,,38265,56369,128258,3.75,,561,21,,110,LA820277,COMM,0,DUNGENESS CRAB
20A ,,10/5/2019,2019,10,5,2037,1,,,38572,56226,128258,3.75,,561,21,,110,LA820278,COMM,0,DUNGENESS CRAB
20A ,,10/6/2019,2019,10,6,1862,1,,,38572,56226,128258,3.75,,561,21,,110,LA820279,COMM,0,DUNGENESS CRAB
20A ,,10/6/2019,2019,10,6,1789,1,,,38265,56266,128258,3.75,,561,21,,110,LA820280,COMM,0,DUNGENESS CRAB
24A ,,10/4/2019,2019,10,4,2186,1,,,37901,56332,128258,3.75,,561,21,,105,LA820316,COMM,0,DUNGENESS CRAB
24A ,,10/4/2019,2019,10,4,1988,1,,,16466,56201,128258,3.75,,561,21,,105,LA820314,COMM,0,DUNGENESS CRAB
24A ,,10/4/2019,2019,10,4,4138,1,,,37662,56124,128258,3.75,,561,21,,105,LA820315,COMM,0,DUNGENESS CRAB
24A ,,10/4/2019,2019,10,4,2059,1,,,28963,56157,128258,3.75,,561,21,,105,LA820317,COMM,0,DUNGENESS CRAB
24A ,,10/5/2019,2019,10,5,1641,1,,,16466,56201,128258,3.75,,561,21,,105,LA820318,COMM,0,DUNGENESS CRAB
24A ,,10/5/2019,2019,10,5,2742,1,,,37901,56239,128258,3.75,,561,21,,105,LA820319,COMM,0,DUNGENESS CRAB
24A ,,10/5/2019,2019,10,5,3962,1,,,37662,56195,128258,3.75,,561,21,,105,LA820320,COMM,0,DUNGENESS CRAB
22A ,,10/5/2019,2019,10,5,1994,1,,,28963,56033,128258,3.75,,561,21,,105,LA820321,COMM,0,DUNGENESS CRAB
24A ,,10/6/2019,2019,10,6,1172,1,,,16466,56017,128258,3.5,,561,21,,105,LA820322,COMM,0,DUNGENESS CRAB
24A ,,10/6/2019,2019,10,6,2041,1,,,37901,56311,128258,3.5,,561,21,,105,LA820323,COMM,0,DUNGENESS CRAB
24A ,,10/6/2019,2019,10,6,3432,1,,,37662,56127,128258,3.5,,561,21,,105,LA820324,COMM,0,DUNGENESS CRAB
22A ,,10/6/2019,2019,10,6,1054,1,,,38750,56241,128258,3.5,,561,21,,105,LA820325,COMM,0,DUNGENESS CRAB
26A ,E,10/4/2019,2019,10,4,821,1,,,37656,56147,128258,3.5,,561,21,,130,LA820363,COMM,0,DUNGENESS CRAB
26A ,E,10/4/2019,2019,10,4,879,1,,,24503,56339,128258,3.5,,561,21,,130,LA820364,COMM,0,DUNGENESS CRAB
26A ,E,10/4/2019,2019,10,4,1092,1,,,38547,56331,128258,3.5,,561,21,,130,LA820365,COMM,0,DUNGENESS CRAB
26A ,E,10/4/2019,2019,10,4,4295,1,,,38127,56330,128258,3.75,,561,21,,130,LA820366,COMM,0,DUNGENESS CRAB
26A ,E,10/5/2019,2019,10,5,856,1,,,24503,56339,128258,3.5,,561,21,,130,LA820367,COMM,0,DUNGENESS CRAB
26A ,E,10/5/2019,2019,10,5,3901,1,,,38127,56075,128258,3.75,,561,21,,130,LA820368,COMM,0,DUNGENESS CRAB
26A ,E,10/6/2019,2019,10,6,592,1,,,37656,56147,128258,3.5,,561,21,,130,LA820369,COMM,0,DUNGENESS CRAB
26A ,E,10/6/2019,2019,10,6,477,1,,,24503,56339,128258,3.5,,561,21,,130,LA820370,COMM,0,DUNGENESS CRAB
26A ,E,10/6/2019,2019,10,6,3646,1,,,38547,56331,128258,3.5,,561,21,,130,LA820371,COMM,0,DUNGENESS CRAB
26A ,E,10/6/2019,2019,10,6,3633,1,,,38127,56075,128258,3.5,,561,21,,130,LA820372,COMM,0,DUNGENESS CRAB
24B ,,10/2/2019,2019,10,2,883,1,,,37401,56323,128351,3.5,,561,21,,170,LA817134,COMM,0,DUNGENESS CRAB
24B ,,10/2/2019,2019,10,2,2656,1,,,36616,56084,128351,3.5,,561,21,,170,LA817135,COMM,0,DUNGENESS CRAB
26A ,E,10/3/2019,2019,10,3,3229,1,,,35022,56402,128351,3.5,,561,21,,170,LA817136,COMM,0,DUNGENESS CRAB
24B ,,10/3/2019,2019,10,3,1231,1,,,37401,56323,128351,3.5,,561,21,,170,LA817137,COMM,0,DUNGENESS CRAB
24B ,,10/3/2019,2019,10,3,3005,1,,,36616,56084,128351,3.5,,561,21,,170,LA817138,COMM,0,DUNGENESS CRAB
24B ,,10/4/2019,2019,10,4,1284,1,,,37401,56168,128351,3.5,,561,21,,170,LA817139,COMM,0,DUNGENESS CRAB
24B ,,10/4/2019,2019,10,4,6,1,,,37401,56168,128351,0,,561,21,,170,LA817139,TKHM,0,DUNGENESS CRAB
26A ,E,10/4/2019,2019,10,4,3945,1,,,35022,56408,128351,3.5,,561,21,,170,LA817140,COMM,0,DUNGENESS CRAB
24B ,,10/4/2019,2019,10,4,2818,1,,,36616,56084,128351,3.5,,561,21,,170,LA817141,COMM,0,DUNGENESS CRAB
24B ,,10/5/2019,2019,10,5,1298,1,,,37401,56168,128351,3.5,,561,21,,170,LA817142,COMM,0,DUNGENESS CRAB
24B ,,10/5/2019,2019,10,5,2932,1,,,36616,56084,128351,3.5,,561,21,,170,LA817143,COMM,0,DUNGENESS CRAB
26A ,E,10/5/2019,2019,10,5,3753,1,,,35022,56408,128351,3.5,,561,21,,170,LA817144,COMM,0,DUNGENESS CRAB
24B ,,10/6/2019,2019,10,6,1354,1,,,37401,56168,128351,3.75,,561,21,,170,LA817145,COMM,0,DUNGENESS CRAB
26A ,E,10/6/2019,2019,10,6,4524,1,,,35022,56402,128351,3.75,,561,21,,170,LA817146,COMM,0,DUNGENESS CRAB
26A ,E,10/6/2019,2019,10,6,48,1,,,35022,56402,128351,0,,561,21,,170,LA817146,TKHM,0,DUNGENESS CRAB
24B ,,10/6/2019,2019,10,6,2298,1,,,36616,56306,128351,3.75,,561,21,,170,LA817147,COMM,0,DUNGENESS CRAB
24B ,,10/6/2019,2019,10,6,43,1,,,36616,56306,128351,0,,561,21,,170,LA817147,TKHM,0,DUNGENESS CRAB
26A ,E,10/2/2019,2019,10,2,5802,1,,,35022,56408,128351,3.5,,561,21,,295,LA821151,COMM,0,DUNGENESS CRAB
20A ,,10/4/2019,2019,10,4,1898,1,,,29003,56173,128370,3.75,,561,21,,105,LA822307,COMM,0,DUNGENESS CRAB
20A ,,10/4/2019,2019,10,4,1638,1,,,38759,56122,128370,3.75,,561,21,,105,LA822308,COMM,0,DUNGENESS CRAB
20A ,,10/5/2019,2019,10,5,1638,1,,,29003,56173,128370,3.5,,561,21,,105,LA822309,COMM,0,DUNGENESS CRAB
20A ,,10/5/2019,2019,10,5,1714,1,,,38759,56122,128370,3.5,,561,21,,105,LA822310,COMM,0,DUNGENESS CRAB
20A ,,10/6/2019,2019,10,6,1084,1,,,38759,56122,128370,3.75,,561,21,,105,LA822311,COMM,0,DUNGENESS CRAB
20A ,,10/6/2019,2019,10,6,1888,1,,,29003,56173,128370,3.75,,561,21,,105,LA822312,COMM,0,DUNGENESS CRAB
22A ,,10/6/2019,2019,10,6,958,1,,,38027,56270,128370,3.5,,561,21,,105,LA822313,COMM,0,DUNGENESS CRAB
21B ,,10/4/2019,2019,10,4,369,1,,,10535,56131,128384,3.5,,561,21,,115,LA803809,COMM,0,DUNGENESS CRAB
21B ,,10/4/2019,2019,10,4,123,1,,,10535,56116,128384,3.5,,561,21,,115,LA803810,COMM,0,DUNGENESS CRAB
21B ,,10/5/2019,2019,10,5,386,1,,,10535,56116,128384,3.5,,561,21,,115,LA803811,COMM,0,DUNGENESS CRAB
21B ,,10/5/2019,2019,10,5,128,1,,,10535,56131,128384,3.5,,561,21,,115,LA803812,COMM,0,DUNGENESS CRAB
21B ,,10/6/2019,2019,10,6,262,1,,,10535,56116,128384,3.75,,561,21,,115,LA803813,COMM,0,DUNGENESS CRAB
21B ,,10/6/2019,2019,10,6,87,1,,,10535,56131,128384,3.75,,561,21,,115,LA803814,COMM,0,DUNGENESS CRAB
21A ,,10/7/2019,2019,10,7,311,1,,,38726,56092,128420,3.75,,561,21,,105,LA813446,COMM,0,DUNGENESS CRAB
20A ,,10/7/2019,2019,10,7,646,1,,,38742,56160,128420,3.75,,561,21,,105,LA813447,COMM,0,DUNGENESS CRAB
20A ,,10/6/2019,2019,10,6,188,1,,,19807,56159,128458,3.75,,561,21,,115,LA812915,COMM,0,DUNGENESS CRAB
20A ,,10/6/2019,2019,10,6,1181,1,,,32391,55915,128458,3.75,,561,21,,115,LA812916,COMM,0,DUNGENESS CRAB
20A ,,10/6/2019,2019,10,6,339,1,,,6295,55921,128458,3.75,,561,21,,115,LA812917,COMM,0,DUNGENESS CRAB
20A ,,10/6/2019,2019,10,6,338,1,,,34280,60446,128458,3.75,,561,21,,115,LA812918,COMM,0,DUNGENESS CRAB
20A ,,10/6/2019,2019,10,6,1879,1,,,27853,56005,128458,3.75,,561,21,,115,LA812919,COMM,0,DUNGENESS CRAB
20A ,,10/6/2019,2019,10,6,555,1,,,35845,56238,128458,3.75,,561,21,,115,LA812920,COMM,0,DUNGENESS CRAB
20A ,,10/6/2019,2019,10,6,1316,1,,,33138,56411,128458,3.75,,561,21,,115,LA812921,COMM,0,DUNGENESS CRAB
20A ,,10/6/2019,2019,10,6,1478,1,,,34710,56053,128458,3.75,,561,21,,115,LA812922,COMM,0,DUNGENESS CRAB
20A ,,10/7/2019,2019,10,7,110,1,,,33138,56113,128458,3.75,,561,21,,115,LA812923,COMM,0,DUNGENESS CRAB
20A ,,10/7/2019,2019,10,7,506,1,,,35845,56357,128458,3.75,,561,21,,115,LA812924,COMM,0,DUNGENESS CRAB
20A ,,10/7/2019,2019,10,7,701,1,,,32391,55915,128458,3.75,,561,21,,115,LA812925,COMM,0,DUNGENESS CRAB
20A ,,10/7/2019,2019,10,7,1568,1,,,27853,56005,128458,3.75,,561,21,,115,LA812926,COMM,0,DUNGENESS CRAB
20A ,,10/8/2019,2019,10,8,278,1,,,6295,55921,128458,3.75,,561,21,,115,LA812927,COMM,0,DUNGENESS CRAB
20A ,,10/8/2019,2019,10,8,1346,1,,,32391,56191,128458,3.75,,561,21,,115,LA812928,COMM,0,DUNGENESS CRAB
20A ,,10/8/2019,2019,10,8,499,1,,,35845,56238,128458,3.75,,561,21,,115,LA812929,COMM,0,DUNGENESS CRAB
20A ,,10/8/2019,2019,10,8,747,1,,,33138,56411,128458,3.75,,561,21,,115,LA812930,COMM,0,DUNGENESS CRAB
20A ,,10/8/2019,2019,10,8,1568,1,,,27853,56005,128458,3.75,,561,21,,115,LA812931,COMM,0,DUNGENESS CRAB
26A ,E,10/4/2019,2019,10,4,1984,1,,,38110,56377,128477,3.75,,561,21,,105,Z951895,COMM,0,DUNGENESS CRAB
26A ,E,10/5/2019,2019,10,5,2371,1,,,38110,56377,128477,3.75,,561,21,,105,Z951896,COMM,0,DUNGENESS CRAB
26A ,E,10/6/2019,2019,10,6,1713,1,,,38110,56377,128477,3.75,,561,21,,105,Z951897,COMM,0,DUNGENESS CRAB
20A ,,10/4/2019,2019,10,4,1491,1,,,29092,56045,128508,3.75,,561,21,,105,Z970422,COMM,0,DUNGENESS CRAB
20A ,,10/4/2019,2019,10,4,1670,1,,,33134,56126,128508,3.75,,561,21,,110,Z970423,COMM,0,DUNGENESS CRAB
21A ,,10/4/2019,2019,10,4,2146,1,,,18515,56274,128508,3.75,,561,21,,,Z970424,COMM,0,DUNGENESS CRAB
20A ,,10/4/2019,2019,10,4,490,1,,,34577,56413,128508,3.75,,561,21,,115,Z970425,COMM,0,DUNGENESS CRAB
20A ,,10/5/2019,2019,10,5,986,1,,,29092,56045,128508,3.75,,561,21,,110,Z970426,COMM,0,DUNGENESS CRAB
20A ,,10/5/2019,2019,10,5,1671,1,,,33134,56126,128508,3.75,,561,21,,115,Z970427,COMM,0,DUNGENESS CRAB
21A ,,10/5/2019,2019,10,5,2041,1,,,18515,56274,128508,3.75,,561,21,,,Z970428,COMM,0,DUNGENESS CRAB
21A ,,10/5/2019,2019,10,5,704,1,,,8811,56054,128508,3.75,,561,21,,110,Z970429,COMM,0,DUNGENESS CRAB
20A ,,10/5/2019,2019,10,5,467,1,,,34577,56413,128508,3.75,,561,21,,115,Z970430,COMM,0,DUNGENESS CRAB
20A ,,10/6/2019,2019,10,6,445,1,,,34577,56413,128508,3.75,,561,21,,115,Z970431,COMM,0,DUNGENESS CRAB
21A ,,10/6/2019,2019,10,6,512,1,,,8811,56054,128508,3.75,,561,21,,110,Z970432,COMM,0,DUNGENESS CRAB
21A ,,10/6/2019,2019,10,6,1617,1,,,18515,56274,128508,3.75,,561,21,,110,Z970433,COMM,0,DUNGENESS CRAB
20A ,,10/6/2019,2019,10,6,1586,1,,,33134,56126,128508,3.75,,561,21,,110,Z970434,COMM,0,DUNGENESS CRAB
20A ,,10/6/2019,2019,10,6,790,1,,,29092,56045,128508,3.75,,561,21,,115,Z970435,COMM,0,DUNGENESS CRAB
24A ,,10/3/2019,2019,10,3,533,1,,,38601,56050,128547,3.5,,561,21,,140,LA815022,COMM,0,DUNGENESS CRAB
24C ,,10/4/2019,2019,10,4,1618,1,,,36635,56104,128547,3.7,,561,21,,143,LA811613,COMM,0,DUNGENESS CRAB
24A ,,10/4/2019,2019,10,4,3347,1,,,38114,55914,128547,3.7,,561,21,,143,LA811614,COMM,0,DUNGENESS CRAB
24A ,,10/4/2019,2019,10,4,2810,1,,,36376,56193,128547,3.7,,561,21,,143,LA811615,COMM,0,DUNGENESS CRAB
24A ,,10/4/2019,2019,10,4,4014,1,,,36579,56397,128547,3.7,,561,21,,143,LA811616,COMM,0,DUNGENESS CRAB
22A ,,10/4/2019,2019,10,4,1873,1,,,37522,62425,128547,3.7,,561,21,,105,LA815194,COMM,0,DUNGENESS CRAB
22B ,,10/4/2019,2019,10,4,782,1,,,37574,55949,128547,3.7,,561,21,,105,LA815195,COMM,0,DUNGENESS CRAB
22B ,,10/4/2019,2019,10,4,1610,1,,,38757,56258,128547,3.7,,561,21,,105,LA815196,COMM,0,DUNGENESS CRAB
24A ,,10/4/2019,2019,10,4,1496,1,,,34635,56008,128547,3.7,,561,21,,105,LA815197,COMM,0,DUNGENESS CRAB
22A ,,10/4/2019,2019,10,4,2070,1,,,32405,55989,128547,3.7,,561,21,,105,LA815198,COMM,0,DUNGENESS CRAB
22A ,,10/4/2019,2019,10,4,1042,1,,,37655,55968,128547,3.7,,561,21,,105,LA815199,COMM,0,DUNGENESS CRAB
22A ,,10/4/2019,2019,10,4,1523,1,,,35168,56185,128547,3.7,,561,21,,105,LA815200,COMM,0,DUNGENESS CRAB
24A ,,10/4/2019,2019,10,4,1946,1,,,38335,56143,128547,3.7,,561,21,,105,LA815252,COMM,0,DUNGENESS CRAB
22A ,,10/7/2019,2019,10,7,1145,1,,,32405,56228,128547,3.7,,561,21,,105,LA815272,COMM,0,DUNGENESS CRAB
22B ,,10/7/2019,2019,10,7,1334,1,,,38757,57980,128547,3.7,,561,21,,105,LA815273,COMM,0,DUNGENESS CRAB
24A ,,10/7/2019,2019,10,7,953,1,,,38335,56143,128547,3.7,,561,21,,105,LA815274,COMM,0,DUNGENESS CRAB
22B ,,10/7/2019,2019,10,7,682,1,,,37574,55949,128547,3.7,,561,21,,105,LA815275,COMM,0,DUNGENESS CRAB
22A ,,10/7/2019,2019,10,7,824,1,,,37655,55968,128547,3.7,,561,21,,105,LA815276,COMM,0,DUNGENESS CRAB
20A ,,10/5/2019,2019,10,5,511,1,,,3692,56243,128605,3.75,,561,21,,115,LA813610,COMM,0,DUNGENESS CRAB
20A ,,10/5/2019,2019,10,5,1789,1,,,37333,56349,128605,3.75,,561,21,,115,LA813611,COMM,0,DUNGENESS CRAB
20A ,,10/5/2019,2019,10,5,2160,1,,,36645,55946,128605,3.75,,561,21,,115,LA813612,COMM,0,DUNGENESS CRAB
20A ,,10/5/2019,2019,10,5,2000,1,,,37174,56324,128605,3.75,,561,21,,115,LA813613,COMM,0,DUNGENESS CRAB
20A ,,10/6/2019,2019,10,6,367,1,,,3692,56243,128605,3.75,,561,21,,115,LA813614,COMM,0,DUNGENESS CRAB
20A ,,10/6/2019,2019,10,6,993,1,,,37174,56324,128605,3.75,,561,21,,115,LA813615,COMM,0,DUNGENESS CRAB
20A ,,10/6/2019,2019,10,6,547,1,,,36312,55918,128605,3.75,,561,21,,115,LA813616,COMM,0,DUNGENESS CRAB
20A ,,10/6/2019,2019,10,6,1569,1,,,37333,56349,128605,3.75,,561,21,,115,LA813617,COMM,0,DUNGENESS CRAB
20A ,,10/6/2019,2019,10,6,2280,1,,,30578,56384,128605,3.75,,561,21,,115,LA813618,COMM,0,DUNGENESS CRAB
20A ,,10/6/2019,2019,10,6,1854,1,,,36645,55946,128605,3.75,,561,21,,115,LA813619,COMM,0,DUNGENESS CRAB
20A ,,10/7/2019,2019,10,7,334,1,,,3692,56243,128605,3.75,,561,21,,115,LA813620,COMM,0,DUNGENESS CRAB
20A ,,10/7/2019,2019,10,7,917,1,,,30578,56299,128605,3.75,,561,21,,115,LA813621,COMM,0,DUNGENESS CRAB
20A ,,10/7/2019,2019,10,7,975,1,,,37333,56349,128605,3.75,,561,21,,115,LA813622,COMM,0,DUNGENESS CRAB
20A ,,10/7/2019,2019,10,7,773,1,,,36645,56389,128605,3.75,,561,21,,115,LA813623,COMM,0,DUNGENESS CRAB
22A ,,10/4/2019,2019,10,4,276,1,,,37666,56214,128685,3.75,,561,21,,105,LA821031,COMM,0,DUNGENESS CRAB
22A ,,10/4/2019,2019,10,4,1168,1,,,34330,57393,128685,4,,561,21,,105,LA821032,COMM,0,DUNGENESS CRAB
22B ,,10/4/2019,2019,10,4,958,1,,,38750,56241,128685,3.75,,561,21,,105,LA821033,COMM,0,DUNGENESS CRAB
22B ,,10/4/2019,2019,10,4,1516,1,,,36485,56118,128685,3.75,,561,21,,105,LA821034,COMM,0,DUNGENESS CRAB
22A ,,10/4/2019,2019,10,4,1312,1,,,38027,56270,128685,3.75,,561,21,,105,LA821035,COMM,0,DUNGENESS CRAB
21A ,,10/4/2019,2019,10,4,735,1,,,34334,56346,128685,3.75,,561,21,,105,LA821036,COMM,0,DUNGENESS CRAB
24C ,,10/4/2019,2019,10,4,907,1,,,36791,56130,128685,3.75,,561,21,,105,LA821037,COMM,0,DUNGENESS CRAB
22A ,,10/5/2019,2019,10,5,345,1,,,37666,56214,128685,3.75,,561,21,,105,LA821038,COMM,0,DUNGENESS CRAB
22B ,,10/5/2019,2019,10,5,1171,1,,,34330,56261,128685,3.75,,561,21,,105,LA821039,COMM,0,DUNGENESS CRAB
22B ,,10/5/2019,2019,10,5,1622,1,,,36485,56041,128685,3.75,,561,21,,105,LA821040,COMM,0,DUNGENESS CRAB
22B ,,10/5/2019,2019,10,5,1166,1,,,38750,56241,128685,3.75,,561,21,,105,LA821041,COMM,0,DUNGENESS CRAB
22A ,,10/5/2019,2019,10,5,1163,1,,,38027,56270,128685,3.75,,561,21,,105,LA821042,COMM,0,DUNGENESS CRAB
24C ,,10/5/2019,2019,10,5,743,1,,,36791,55988,128685,3.75,,561,21,,105,LA821043,COMM,0,DUNGENESS CRAB
21A ,,10/5/2019,2019,10,5,657,1,,,34334,56346,128685,3.75,,561,21,,105,LA821044,COMM,0,DUNGENESS CRAB
22B ,,10/6/2019,2019,10,6,1373,1,,,36485,56118,128685,3.25,,561,21,,105,LA821046,COMM,0,DUNGENESS CRAB
21A ,,10/6/2019,2019,10,6,621,1,,,34334,56346,128685,3.25,,561,21,,105,LA821047,COMM,0,DUNGENESS CRAB
21A ,,10/7/2019,2019,10,7,507,1,,,34334,56346,128685,3.25,,561,21,,105,LA821049,COMM,0,DUNGENESS CRAB
22B ,,10/7/2019,2019,10,7,1048,1,,,36485,56041,128685,3.25,,561,21,,105,LA821050,COMM,0,DUNGENESS CRAB
25A ,,10/3/2019,2019,10,3,308,1,,,10340,56158,128794,3.75,,561,21,,175,LA826073,COMM,0,DUNGENESS CRAB
25A ,,10/4/2019,2019,10,4,312,1,,,10340,56158,128794,3.75,,561,21,,175,LA826074,COMM,0,DUNGENESS CRAB
25A ,,10/7/2019,2019,10,7,116,1,,,10340,56187,129130,4.75,,561,21,,295,LA821504,COMM,0,DUNGENESS CRAB
21B ,,10/7/2019,2019,10,7,214,1,,,32722,56356,130046,3.75,,561,21,,,W809969,COMM,0,DUNGENESS CRAB
21B ,,10/7/2019,2019,10,7,452,1,,,31384,55977,130046,3.75,,561,21,,,W809970,COMM,0,DUNGENESS CRAB
20A ,,10/1/2019,2019,10,1,2258,1,,,29186,56011,130144,3.75,,561,21,,110,LA827603,COMM,0,DUNGENESS CRAB
